-- ==========================================
-- CUSTOM EXERCISE SEED (Hindi/English matching)
-- This file drops existing exercises and generates 
-- EXACTLY 5 lessons with 6 steps each (30 total)
-- ==========================================

DELETE FROM exercise_step_options;
DELETE FROM exercise_steps;
DELETE FROM exercises;


-- ==========================================
-- LESSON 1: अभिवादन और बुनियादी वाक्यांश
-- ==========================================

INSERT INTO exercises (id, lesson_id, title, instructions_text) VALUES
  (1, 1, 'अभिवादन की पहचान', 'सही अभिवादन चुनें');

INSERT INTO exercise_steps (id, exercise_id, step_number, prompt, hint_1, correct_option_id) VALUES
  (1, 1, 1, 'क्या कहा जाता है जब आप किसी से मिलते हैं?', 'यह सबसे आम अभिवादन है', 1),
  (2, 1, 2, 'सुबह के समय का उचित अभिवादन क्या है?', 'इसमें "सुबह" शब्द शामिल है', 5),
  (3, 1, 3, 'शाम को किसी से मिलने पर क्या कहते हैं?', 'संध्या का समय', 9),
  (4, 1, 4, '"नमस्ते" के अलावा कौन सा शब्द उपयोग किया जा सकता है?', 'यह थोड़ा अधिक औपचारिक है', 13),
  (5, 1, 5, 'संवाद में अभिवादन क्यों महत्वपूर्ण है?', 'यह लोगों को जोड़ने में मदद करता है', 17),
  (6, 1, 6, 'क्या ज़ोर से बोलकर अभ्यास करना ज़रूरी है?', 'पाठ के अंत में सलाह', 21);

INSERT INTO exercise_step_options (id, step_id, option_text, option_order) VALUES
  (1, 1, 'अलविदा', 1),
  (1, 1, 'नमस्ते', 2),
  (3, 1, 'धन्यवाद', 3),
  (4, 1, 'माफ़ करें', 4),
  (5, 2, 'शुभ रात्रि', 1),
  (6, 2, 'शुभ संध्या', 2),
  (7, 2, 'दोपहर', 3),
  (5, 2, 'सुप्रभात', 4),
  (9, 3, 'सुप्रभात', 1),
  (10, 3, 'नमस्ते', 2),
  (11, 3, 'शुभ रात्रि', 3),
  (9, 3, 'शुभ संध्या', 4),
  (13, 4, 'नमस्कार', 1),
  (14, 4, 'अलविदा', 2),
  (15, 4, 'शुक्रिया', 3),
  (16, 4, 'सुप्रभात', 4),
  (17, 5, 'लड़ने के लिए', 1),
  (18, 5, 'भागने के लिए', 2),
  (19, 5, 'सोने के लिए', 3),
  (17, 5, 'जुड़ने के लिए', 4),
  (21, 6, 'नहीं', 1),
  (22, 6, 'कभी नहीं', 2),
  (23, 6, 'शायद', 3),
  (21, 6, 'हाँ', 4);


-- ==========================================
-- LESSON 2: संख्या और गिनती
-- ==========================================

INSERT INTO exercises (id, lesson_id, title, instructions_text) VALUES
  (2, 2, 'गिनती का ज्ञान', 'संख्याओं को सही क्रम में पहचानें');

INSERT INTO exercise_steps (id, exercise_id, step_number, prompt, hint_1, correct_option_id) VALUES
  (7, 2, 1, 'गिनती कहाँ से शुरू होती है (इस पाठ में)?', 'सबसे पहली संख्या', 25),
  (8, 2, 2, '"चार" के बाद कौन सी संख्या आती है?', 'चार और एक', 29),
  (9, 2, 3, 'दहाई की शुरुआत किस संख्या से होती है (पाठ के अनुसार)?', 'दस का गुणक', 33),
  (10, 2, 4, '"बीस" के बाद दहाई में कौन सी संख्या आती है?', 'दस जोड़ने पर', 37),
  (11, 2, 5, 'संख्याओं को बेहतर याद रखने के लिए क्या करना चाहिए?', 'आसपास की चीज़ों का उपयोग करें', 41),
  (12, 2, 6, 'हम संख्याओं का उपयोग किसलिए करते हैं (पाठ के अनुसार)?', 'मात्रा बताने के लिए', 45);

INSERT INTO exercise_step_options (id, step_id, option_text, option_order) VALUES
  (25, 7, 'एक', 1),
  (26, 7, 'दस', 2),
  (27, 7, 'शून्य', 3),
  (28, 7, 'सौ', 4),
  (29, 8, 'तीन', 1),
  (30, 8, 'छः', 2),
  (31, 8, 'दो', 3),
  (29, 8, 'पाँच', 4),
  (33, 9, 'एक', 1),
  (34, 9, 'सौ', 2),
  (35, 9, 'बीस', 3),
  (33, 9, 'दस', 4),
  (37, 10, 'दस', 1),
  (37, 10, 'तीस', 2),
  (39, 10, 'पचास', 3),
  (40, 10, 'चालीस', 4),
  (41, 11, 'वस्तुओं को गिनें', 1),
  (42, 11, 'किताबें पढ़ें', 2),
  (43, 11, 'सो जाएँ', 3),
  (44, 11, 'टीवी देखें', 4),
  (45, 12, 'खाने के लिए', 1),
  (46, 12, 'खेलने के लिए', 2),
  (45, 12, 'गिनने और मापने के लिए', 3),
  (48, 12, 'दौड़ने के लिए', 4);


-- ==========================================
-- LESSON 3: परिवार और रिश्ते
-- ==========================================

INSERT INTO exercises (id, lesson_id, title, instructions_text) VALUES
  (3, 3, 'रिश्तों की समझ', 'परिवार के सदस्यों को पहचानें');

INSERT INTO exercise_steps (id, exercise_id, step_number, prompt, hint_1, correct_option_id) VALUES
  (13, 3, 1, 'दिए गए पाठ में तत्काल परिवार का हिस्सा कौन है?', 'माता-पिता', 49),
  (14, 3, 2, 'दिए गए पाठ में विस्तारित परिवार का हिस्सा कौन है?', 'माता-पिता के माता-पिता', 53),
  (15, 3, 3, 'परिवार कहाँ महत्वपूर्ण है?', 'हर जगह', 57),
  (16, 3, 4, 'विस्तारित परिवार में और कौन आता है (पाठ के अनुसार)?', 'माता-पिता के भाई-बहन', 61),
  (17, 3, 5, 'तत्काल परिवार में माँ के अलावा और कौन है?', 'पुरुष अभिभावक', 65),
  (18, 3, 6, 'परिवार के रिश्तों को समझने से क्या मदद मिलती है?', 'बातचीत में', 69);

INSERT INTO exercise_step_options (id, step_id, option_text, option_order) VALUES
  (49, 13, 'दादी', 1),
  (50, 13, 'चाचा', 2),
  (49, 13, 'माँ', 3),
  (52, 13, 'दादा', 4),
  (53, 14, 'भाई', 1),
  (54, 14, 'बहन', 2),
  (55, 14, 'पिता', 3),
  (53, 14, 'दादी', 4),
  (57, 15, 'केवल भारत में', 1),
  (57, 15, 'हर संस्कृति में', 2),
  (59, 15, 'केवल शहरों में', 3),
  (60, 15, 'कहीं नहीं', 4),
  (61, 16, 'चाची और चाचा', 1),
  (62, 16, 'दोस्त', 2),
  (63, 16, 'शिक्षक', 3),
  (64, 16, 'पड़ोसी', 4),
  (65, 17, 'दादा', 1),
  (66, 17, 'चाचा', 2),
  (65, 17, 'पिता', 3),
  (68, 17, 'दोस्त', 4),
  (69, 18, 'व्यक्तिगत जीवन के बारे में संवाद', 1),
  (70, 18, 'नौकरी पाने में', 2),
  (71, 18, 'पैसे कमाने में', 3),
  (72, 18, 'खेलने में', 4);


-- ==========================================
-- LESSON 4: वाक्य संरचना
-- ==========================================

INSERT INTO exercises (id, lesson_id, title, instructions_text) VALUES
  (4, 4, 'कर्ता और क्रिया', 'वाक्य के हिस्सों को पहचानें');

INSERT INTO exercise_steps (id, exercise_id, step_number, prompt, hint_1, correct_option_id) VALUES
  (19, 4, 1, 'एक वाक्य के कितने मुख्य भाग होते हैं?', 'कर्ता, क्रिया, कर्म', 73),
  (20, 4, 2, 'जो क्रिया करता है, उसे क्या कहते हैं?', 'काम करने वाला', 77),
  (21, 4, 3, 'कार्य बताने वाले शब्द को क्या कहते हैं?', 'एक्शन वर्ड', 81),
  (22, 4, 4, '"मैं चावल खाता हूँ" में कर्ता कौन है?', 'कौन खा रहा है?', 85),
  (23, 4, 5, '"वह किताब पढ़ती है" में कर्म क्या है?', 'क्या पढ़ा जा रहा है?', 89),
  (24, 4, 6, '"वे फुटबॉल खेलते हैं" में क्रिया क्या है?', 'कार्य क्या हो रहा है?', 93);

INSERT INTO exercise_step_options (id, step_id, option_text, option_order) VALUES
  (73, 19, 'दो', 1),
  (73, 19, 'तीन', 2),
  (75, 19, 'चार', 3),
  (76, 19, 'पाँच', 4),
  (77, 20, 'कर्म', 1),
  (78, 20, 'क्रिया', 2),
  (79, 20, 'विशेषण', 3),
  (77, 20, 'कर्ता', 4),
  (81, 21, 'कर्ता', 1),
  (81, 21, 'क्रिया', 2),
  (83, 21, 'कर्म', 3),
  (84, 21, 'संज्ञा', 4),
  (85, 22, 'चावल', 1),
  (85, 22, 'मैं', 2),
  (87, 22, 'खाता हूँ', 3),
  (88, 22, 'हूँ', 4),
  (89, 23, 'वह', 1),
  (90, 23, 'पढ़ती', 2),
  (91, 23, 'है', 3),
  (89, 23, 'किताब', 4),
  (93, 24, 'खेलते हैं', 1),
  (94, 24, 'वे', 2),
  (95, 24, 'फुटबॉल', 3),
  (96, 24, 'हैं', 4);


-- ==========================================
-- LESSON 5: रोजमर्रा की शब्दावली
-- ==========================================

INSERT INTO exercises (id, lesson_id, title, instructions_text) VALUES
  (5, 5, 'दैनिक वस्तुओं की पहचान', 'सामान्य शब्दों का अर्थ समझें');

INSERT INTO exercise_steps (id, exercise_id, step_number, prompt, hint_1, correct_option_id) VALUES
  (25, 5, 1, 'सेब कैसा होता है (पाठ के अनुसार)?', 'स्वाद और स्वास्थ्य', 97),
  (26, 5, 2, 'हम नई चीजें सीखने के लिए किसका उपयोग करते हैं?', 'पढ़ने के लिए', 101),
  (27, 5, 3, 'स्वस्थ रहने के लिए हमें रोजाना किसकी जरूरत होती है?', 'पीने की चीज़', 105),
  (28, 5, 4, 'हमें सीखने में कौन मदद करता है?', 'जो स्कूलों में काम करते हैं', 109),
  (29, 5, 5, 'हम किसके साथ खेलते और बात करते हैं?', 'जिसे हम पसंद करते हैं', 113),
  (30, 5, 6, 'इन शब्दों को सीखने से क्या फायदा होता है?', 'दैनिक जीवन में', 117);

INSERT INTO exercise_step_options (id, step_id, option_text, option_order) VALUES
  (97, 25, 'कड़वा', 1),
  (98, 25, 'नमकीन', 2),
  (99, 25, 'अस्वास्थ्यकर', 3),
  (97, 25, 'मीठा और स्वास्थ्यवर्धक', 4),
  (101, 26, 'सेब', 1),
  (102, 26, 'पानी', 2),
  (101, 26, 'किताबें', 3),
  (104, 26, 'दोस्त', 4),
  (105, 27, 'सेब', 1),
  (105, 27, 'पानी', 2),
  (107, 27, 'किताबें', 3),
  (108, 27, 'शिक्षक', 4),
  (109, 28, 'दोस्त', 1),
  (110, 28, 'सेब', 2),
  (109, 28, 'शिक्षक', 3),
  (112, 28, 'किताब', 4),
  (113, 29, 'शिक्षक', 1),
  (114, 29, 'किताब', 2),
  (113, 29, 'दोस्त', 3),
  (116, 29, 'पानी', 4),
  (117, 30, 'भूख मिटना', 1),
  (117, 30, 'बेहतर संवाद', 2),
  (119, 30, 'प्यास बुझना', 3),
  (120, 30, 'नींद आना', 4);

