-- ==========================================
-- Complete Seed Data for SE Project Database
-- Populates lessons, lesson_keywords, evaluation_intents, and evaluation_rules
-- ==========================================

-- Run this file after setting up the schema:
-- psql -U postgres -d se_project_db -f server/sql/seed-data.sql

-- ==========================================
-- LESSONS TABLE
-- ==========================================

INSERT INTO lessons (title, language_code, text_content, english_text_content)
VALUES
  (
    'अभिवादन और बुनियादी वाक्यांश',
    'hi',
    'नमस्ते एक सामान्य अभिवादन है। आप नमस्कार भी कह सकते हैं। सुबह में आप सुप्रभात कह सकते हैं। किसी को धन्यवाद देने के लिए आप शुक्रिया या धन्यवाद कह सकते हैं। किसी से मिलकर खुशी व्यक्त करने के लिए आप "मुझे आपसे मिलकर खुशी हुई" कह सकते हैं।',
    'Greetings and Basic Phrases. Namaste is a common greeting. You can also say Namaskar. In the morning, you can say Suprabhat (good morning). To thank someone, you can say Shukriya or Dhanyavaad. To express happiness at meeting someone, you can say "Mujhe aapse milkar khushi hui" (I am happy to meet you).'
  ),
  (
    'संख्या और गिनती',
    'hi',
    'आइए हिंदी में संख्या सीखें। एक, दो, तीन, चार, पाँच, छः, सात, आठ, नौ, दस। ये 1 से 10 तक की संख्याएं हैं। बीस 20 है और सौ 100 है। पच्चीस 25 है जो 20 और 5 को मिलाकर बनता है।',
    'Numbers and Counting. Let us learn numbers in Hindi. Ek, Do, Teen, Char, Panch, Chhah, Saat, Aath, Nau, Das. These are numbers from 1 to 10. Bees is 20 and Sau is 100. Pachees is 25 which is formed by combining 20 and 5.'
  ),
  (
    'परिवार और रिश्ते',
    'hi',
    'परिवार हमारे जीवन का महत्वपूर्ण हिस्सा है। माँ को माता भी कहते हैं। पिता को बाप भी कहते हैं। आपकी बहन को बहन कहते हैं और भाई को भाई कहते हैं। बड़े भाई को भैया कहते हैं। दादी और नानी दोनों दादा-दादी हैं। दादा और नाना दोनों दादा हैं।',
    'Family and Relationships. Family is an important part of our lives. Mother is called Maa or Mata. Father is called Pita or Baap. Your sister is called Bahan and brother is called Bhai. An older brother is called Bhaiya. Grandmother is called Dadi (paternal) or Nani (maternal). Grandfather is called Dada (paternal) or Nana (maternal).'
  ),
  (
    'भोजन और भोजन करना',
    'hi',
    'भोजन हमारे जीवन के लिए आवश्यक है। भारतीय खाने में रोटी, चावल, दाल और सब्जियाँ होती हैं। रोटी गेहूँ से बना एक प्रमुख भोजन है। चावल एक अनाज है। दाल प्रोटीन का स्रोत है। बिरयानी चावल और मांस या सब्जियों का एक स्वादिष्ट व्यंजन है। पानी हर भोजन के साथ महत्वपूर्ण है।',
    'Food and Dining. Food is essential for our lives. Indian food includes Roti, Chawal (rice), Daal (lentils), and Sabzi (vegetables). Roti is a staple bread made from wheat. Rice is a grain. Daal is a source of protein. Biryani is a delicious dish made with rice and meat or vegetables. Water is important with every meal.'
  ),
  (
    'दैनिक गतिविधियाँ',
    'hi',
    'हम हर दिन कई गतिविधियाँ करते हैं। सुबह जल्दी उठना अच्छी आदत है। नहाना स्वच्छता के लिए महत्वपूर्ण है। नाश्ता दिन की शुरुआत के लिए आवश्यक है। पढ़ाई करना हमारी शिक्षा के लिए जरूरी है। काम करना हमारी जिम्मेदारी है। रात को जल्दी सोना स्वास्थ्य के लिए अच्छा है।',
    'Daily Activities. We do many activities every day. Waking up early in the morning is a good habit. Bathing is important for hygiene. Breakfast is essential to start the day. Studying is necessary for our education. Working is our responsibility. Going to bed early at night is good for health.'
  );

-- ==========================================
-- LESSON KEYWORDS TABLE
-- ==========================================

-- Lesson 1: Greetings and Basic Phrases
INSERT INTO lesson_keywords (lesson_id, keyword, expanation)
VALUES
  (1, 'नमस्ते', 'A common greeting meaning hello or goodbye'),
  (1, 'नमस्कार', 'A formal greeting'),
  (1, 'सुप्रभात', 'Good morning greeting'),
  (1, 'शुक्रिया', 'A way to say thank you'),
  (1, 'धन्यवाद', 'Expression of gratitude'),
  (1, 'खुशी', 'The feeling of happiness'),
  (1, 'अभिवादन', 'Greeting someone'),
  (1, 'विनम्रता', 'Polite and respectful behavior');

-- Lesson 2: Numbers and Counting
INSERT INTO lesson_keywords (lesson_id, keyword, expanation)
VALUES
  (2, 'एक', 'Number 1'),
  (2, 'दो', 'Number 2'),
  (2, 'तीन', 'Number 3'),
  (2, 'चार', 'Number 4'),
  (2, 'पाँच', 'Number 5'),
  (2, 'छः', 'Number 6'),
  (2, 'सात', 'Number 7'),
  (2, 'आठ', 'Number 8'),
  (2, 'नौ', 'Number 9'),
  (2, 'दस', 'Number 10'),
  (2, 'बीस', 'Number 20'),
  (2, 'सौ', 'Number 100');

-- Lesson 3: Family and Relationships
INSERT INTO lesson_keywords (lesson_id, keyword, expanation)
VALUES
  (3, 'माँ', 'Female parent'),
  (3, 'पिता', 'Male parent'),
  (3, 'भाई', 'Male sibling'),
  (3, 'बहन', 'Female sibling'),
  (3, 'दादा', 'Paternal grandfather'),
  (3, 'दादी', 'Paternal grandmother'),
  (3, 'नाना', 'Maternal grandfather'),
  (3, 'नानी', 'Maternal grandmother'),
  (3, 'परिवार', 'All relatives and family'),
  (3, 'भैया', 'Older brother');

-- Lesson 4: Food and Dining
INSERT INTO lesson_keywords (lesson_id, keyword, expanation)
VALUES
  (4, 'खाना', 'Food or a meal'),
  (4, 'रोटी', 'Flatbread made from wheat'),
  (4, 'चावल', 'Rice grain'),
  (4, 'दाल', 'Lentils or pulses'),
  (4, 'सब्जी', 'सब्जियां'),
  (4, 'बिरयानी', 'Rice dish with meat or vegetables'),
  (4, 'पानी', 'Water liquid for drinking'),
  (4, 'रेस्तरां', 'Restaurant where food is served'),
  (4, 'भोजन', 'Food or meal'),
  (4, 'माँगना', 'To request or ask for something');

-- Lesson 5: Daily Activities
INSERT INTO lesson_keywords (lesson_id, keyword, expanation)
VALUES
  (5, 'उठना', 'To wake up from bed'),
  (5, 'नहाना', 'To bathe or take a shower'),
  (5, 'खाना', 'To eat food or meal'),
  (5, 'पढ़ाई', 'To study or learning'),
  (5, 'काम', 'To work or job'),
  (5, 'सोना', 'To sleep'),
  (5, 'दिनचर्या', 'Daily routine or schedule'),
  (5, 'गतिविधि', 'Activity or action'),
  (5, 'सुबह', 'Morning or early part of the day'),
  (5, 'नाश्ता', 'Breakfast or morning meal');

-- ==========================================
-- EVALUATION INTENTS TABLE
-- ==========================================

-- Lesson 1: Greetings and Basic Phrases
INSERT INTO evaluation_intents (lesson_id, question, reference_answer)
VALUES
  (
    1,
    'आप सुबह में किसी को कैसे नमस्ते करते हैं?',
    'नमस्ते, नमस्कार, सुप्रभात'
  ),
  (
    1,
    'आप हिंदी में अपना परिचय कैसे देते हैं?',
    'मेरा नाम [नाम] है। मुझे आपसे मिलकर खुशी हुई।'
  ),
  (
    1,
    'धन्यवाद कहने का विनम्र तरीका क्या है?',
    'शुक्रिया, धन्यवाद'
  );

-- Lesson 2: Numbers and Counting
INSERT INTO evaluation_intents (lesson_id, question, reference_answer)
VALUES
  (
    2,
    'हिंदी में 1 से 10 तक गिनती करें।',
    'एक, दो, तीन, चार, पाँच, छः, सात, आठ, नौ, दस'
  ),
  (
    2,
    'हिंदी में 25 को कैसे कहते हैं?',
    'पच्चीस'
  ),
  (
    2,
    '100 के लिए हिंदी शब्द क्या है?',
    'सौ'
  );

-- Lesson 3: Family and Relationships
INSERT INTO evaluation_intents (lesson_id, question, reference_answer)
VALUES
  (
    3,
    'माँ और पिता के लिए हिंदी शब्द क्या हैं?',
    'माँ, माता, पिता, बाप'
  ),
  (
    3,
    'आप हिंदी में अपने भाई-बहनों का वर्णन कैसे करते हैं?',
    'बहन, भाई, भैया'
  ),
  (
    3,
    'दादी के लिए रिश्ते का शब्द क्या है?',
    'नानी, दादी, नाना, दादा'
  );

-- Lesson 4: Food and Dining
INSERT INTO evaluation_intents (lesson_id, question, reference_answer)
VALUES
  (
    4,
    'आप हिंदी में रेस्तरां में खाना कैसे मंगवाते हैं?',
    'मुझे [खाना] दो, कृपया [खाना] दे दो'
  ),
  (
    4,
    'आपने कुछ सामान्य भारतीय खाद्य पदार्थों के बारे में सीखा है?',
    'रोटी, चावल, दाल, सब्जी, बिरयानी'
  ),
  (
    4,
    'आप रेस्तरां में पानी कैसे माँगते हैं?',
    'पानी दो, एक गिलास पानी दे दो'
  );

-- Lesson 5: Daily Activities
INSERT INTO evaluation_intents (lesson_id, question, reference_answer)
VALUES
  (
    5,
    'हिंदी में अपनी सुबह की दिनचर्या का वर्णन करें।',
    'मैं उठता/उठती हूँ, नाश्ता करता/ करती हूँ, तैयार होता/होती हूँ, काम पर जाता/जाती हूँ'
  ),
  (
    5,
    'इस पाठ में आपने कौन-कौन सी दैनिक गतिविधियाँ सीखीं?',
    'उठना, नहाना, खाना, पढ़ाई करना, काम करना, सोना'
  ),
  (
    5,
    'हिंदी में "मैं पढ़ रहा/रही हूँ" कैसे कहते हैं?',
    'मैं पढ़ाई कर रहा/रही हूँ, मैं पढ़ रहा/रही हूँ'
  );

-- ==========================================
-- EVALUATION RULES TABLE
-- ==========================================

-- Lesson 1: Greetings and Basic Phrases
INSERT INTO evaluation_rules (lesson_id, keyword, weight, evaluation_intent_id)
VALUES
  (1, 'नमस्ते', 1.5, 1),
  (1, 'अभिवादन', 1.0, 1),
  (1, 'सुबह', 1.0, 1),
  (1, 'परिचय', 1.0, 2),
  (1, 'धन्यवाद', 1.2, 3),
  (1, 'शुक्रिया', 1.5, 3),
  (1, 'नमस्कार', 1.0, 1),
  (1, 'विनम्रता', 0.8, 1);

-- Lesson 2: Numbers and Counting
INSERT INTO evaluation_rules (lesson_id, keyword, weight, evaluation_intent_id)
VALUES
  (2, 'संख्या', 1.5, 4),
  (2, 'गिनती', 1.0, 4),
  (2, 'एक', 0.8, 4),
  (2, 'दो', 0.8, 4),
  (2, 'तीन', 0.8, 4),
  (2, 'चार', 0.8, 4),
  (2, 'पाँच', 0.8, 4),
  (2, 'दस', 0.8, 4),
  (2, 'सौ', 1.2, 6),
  (2, 'बीस', 1.0, 5);

-- Lesson 3: Family and Relationships
INSERT INTO evaluation_rules (lesson_id, keyword, weight, evaluation_intent_id)
VALUES
  (3, 'परिवार', 1.5, 7),
  (3, 'माँ', 1.0, 7),
  (3, 'पिता', 1.0, 7),
  (3, 'माता', 1.0, 7),
  (3, 'बाप', 1.0, 7),
  (3, 'बहन', 0.9, 8),
  (3, 'भाई', 0.9, 8),
  (3, 'भैया', 0.9, 8),
  (3, 'दादी', 0.8, 9),
  (3, 'नानी', 0.8, 9),
  (3, 'दादा', 0.8, 9);

-- Lesson 4: Food and Dining
INSERT INTO evaluation_rules (lesson_id, keyword, weight, evaluation_intent_id)
VALUES
  (4, 'खाना', 1.5, 10),
  (4, 'भोजन', 1.0, 10),
  (4, 'रोटी', 1.0, 11),
  (4, 'चावल', 1.0, 11),
  (4, 'दाल', 0.9, 11),
  (4, 'सब्जी', 0.9, 11),
  (4, 'बिरयानी', 0.8, 11),
  (4, 'पानी', 1.0, 12),
  (4, 'रेस्तरां', 0.9, 10),
  (4, 'माँगना', 0.8, 10);

-- Lesson 5: Daily Activities
INSERT INTO evaluation_rules (lesson_id, keyword, weight, evaluation_intent_id)
VALUES
  (5, 'गतिविधियाँ', 1.5, 13),
  (5, 'दैनिक', 1.0, 13),
  (5, 'दिनचर्या', 1.0, 13),
  (5, 'उठना', 0.9, 14),
  (5, 'नहाना', 0.9, 14),
  (5, 'खाना', 0.8, 14),
  (5, 'पढ़ाई', 1.0, 15),
  (5, 'काम', 0.9, 14),
  (5, 'सोना', 0.8, 14),
  (5, 'सुबह', 0.7, 13);

-- ==========================================
-- EXERCISES TABLE
-- ==========================================

INSERT INTO exercises (id, lesson_id, title, instructions_text) VALUES
  (1, 1, 'अभिवादन और बुनियादी वाक्यांश', 'सही विकल्प चुनें'),
  (2, 2, 'संख्या और गिनती', 'सही विकल्प चुनें'),
  (3, 3, 'परिवार और रिश्ते', 'सही विकल्प चुनें'),
  (4, 4, 'वाक्य संरचना', 'सही विकल्प चुनें'),
  (5, 5, 'रोजमर्रा की शब्दावली', 'सही विकल्प चुनें');

INSERT INTO exercise_steps (id, exercise_id, step_number, prompt, hint_1, correct_option_id) VALUES
  (1, 1, 1, 'क्या कहा जाता है जब आप किसी से मिलते हैं?', 'यह सबसे आम अभिवादन है', 1),
  (2, 1, 2, 'सुबह के समय का उचित अभिवादन क्या है?', 'इसमें ''सुबह'' शब्द शामिल है', 5),
  (3, 1, 3, 'शाम को किसी से मिलने पर क्या कहते हैं?', 'संध्या का समय', 9),
  (4, 1, 4, '''नमस्ते'' के अलावा कौन सा शब्द उपयोग किया जा सकता है?', 'यह थोड़ा अधिक औपचारिक है', 13),
  (5, 1, 5, 'संवाद में अभिवादन क्यों महत्वपूर्ण है?', 'यह लोगों को जोड़ने में मदद करता है', 18),
  (6, 1, 6, 'क्या ज़ोर से बोलकर अभ्यास करना ज़रूरी है?', 'पाठ के अंत में सलाह', 24),
  (7, 2, 1, 'गिनती कहाँ से शुरू होती है (इस पाठ में)?', 'सबसे पहली संख्या', 25),
  (8, 2, 2, '''चार'' के बाद कौन सी संख्या आती है?', 'चार और एक', 29),
  (9, 2, 3, 'दहाई की शुरुआत किस संख्या से होती है (पाठ के अनुसार)?', 'दस का गुणक', 35),
  (10, 2, 4, '''बीस'' के बाद दहाई में कौन सी संख्या आती है?', 'दस जोड़ने पर', 37),
  (11, 2, 5, 'संख्याओं को बेहतर याद रखने के लिए क्या करना चाहिए?', 'आसपास की चीज़ों का उपयोग करें', 44),
  (12, 2, 6, 'हम संख्याओं का उपयोग किसलिए करते हैं (पाठ के अनुसार)?', 'मात्रा बताने के लिए', 48),
  (13, 3, 1, 'दिए गए पाठ में तत्काल परिवार का हिस्सा कौन है?', 'माता-पिता', 50),
  (14, 3, 2, 'दिए गए पाठ में विस्तारित परिवार का हिस्सा कौन है?', 'माता-पिता के माता-पिता', 55),
  (15, 3, 3, 'परिवार कहाँ महत्वपूर्ण है?', 'हर जगह', 60),
  (16, 3, 4, 'विस्तारित परिवार में और कौन आता है (पाठ के अनुसार)?', 'माता-पिता के भाई-बहन', 64),
  (17, 3, 5, 'तत्काल परिवार में माँ के अलावा और कौन है?', 'पुरुष अभिभावक', 67),
  (18, 3, 6, 'परिवार के रिश्तों को समझने से क्या मदद मिलती है?', 'बातचीत में', 69),
  (19, 4, 1, 'एक वाक्य के कितने मुख्य भाग होते हैं?', 'कर्ता, क्रिया, कर्म', 76),
  (20, 4, 2, 'जो क्रिया करता है, उसे क्या कहते हैं?', 'काम करने वाला', 79),
  (21, 4, 3, 'कार्य बताने वाले शब्द को क्या कहते हैं?', 'एक्शन वर्ड', 81),
  (22, 4, 4, '''मैं चावल खाता हूँ'' में कर्ता कौन है?', 'कौन खा रहा है?', 88),
  (23, 4, 5, '''वह किताब पढ़ती है'' में कर्म क्या है?', 'क्या पढ़ा जा रहा है?', 90),
  (24, 4, 6, '''वे फुटबॉल खेलते हैं'' में क्रिया क्या है?', 'कार्य क्या हो रहा है?', 96),
  (25, 5, 1, 'सेब कैसा होता है (पाठ के अनुसार)?', 'स्वाद और स्वास्थ्य', 100),
  (26, 5, 2, 'हम नई चीजें सीखने के लिए किसका उपयोग करते हैं?', 'पढ़ने के लिए', 103),
  (27, 5, 3, 'स्वस्थ रहने के लिए हमें रोजाना किसकी जरूरत होती है?', 'पीने की चीज़', 108),
  (28, 5, 4, 'हमें सीखने में कौन मदद करता है?', 'जो स्कूलों में काम करते हैं', 109),
  (29, 5, 5, 'हम किसके साथ खेलते और बात करते हैं?', 'जिसे हम पसंद करते हैं', 114),
  (30, 5, 6, 'इन शब्दों को सीखने से क्या फायदा होता है?', 'दैनिक जीवन में', 117);

INSERT INTO exercise_step_options (id, step_id, option_text, option_order) VALUES
  (1, 1, 'नमस्ते', 1),
  (2, 1, 'माफ़ करें', 2),
  (3, 1, 'अलविदा', 3),
  (4, 1, 'धन्यवाद', 4),
  (5, 2, 'सुप्रभात', 1),
  (6, 2, 'दोपहर', 2),
  (7, 2, 'शुभ रात्रि', 3),
  (8, 2, 'शुभ संध्या', 4),
  (9, 3, 'शुभ संध्या', 1),
  (10, 3, 'शुभ रात्रि', 2),
  (11, 3, 'सुप्रभात', 3),
  (12, 3, 'नमस्ते', 4),
  (13, 4, 'नमस्कार', 1),
  (14, 4, 'अलविदा', 2),
  (15, 4, 'धन्यवाद', 3),
  (16, 4, 'सुप्रभात', 4),
  (17, 5, 'लड़ने के लिए', 1),
  (18, 5, 'जुड़ने के लिए', 2),
  (19, 5, 'सोने के लिए', 3),
  (20, 5, 'भागने के लिए', 4),
  (21, 6, 'शायद', 1),
  (22, 6, 'कभी नहीं', 2),
  (23, 6, 'नहीं', 3),
  (24, 6, 'हाँ', 4),
  (25, 7, 'एक', 1),
  (26, 7, 'सौ', 2),
  (27, 7, 'दस', 3),
  (28, 7, 'शून्य', 4),
  (29, 8, 'पाँच', 1),
  (30, 8, 'तीन', 2),
  (31, 8, 'छः', 3),
  (32, 8, 'दो', 4),
  (33, 9, 'एक', 1),
  (34, 9, 'सौ', 2),
  (35, 9, 'दस', 3),
  (36, 9, 'बीस', 4),
  (37, 10, 'तीस', 1),
  (38, 10, 'दस', 2),
  (39, 10, 'पचास', 3),
  (40, 10, 'चालीस', 4),
  (41, 11, 'टीवी देखें', 1),
  (42, 11, 'सो जाएँ', 2),
  (43, 11, 'किताबें पढ़ें', 3),
  (44, 11, 'वस्तुओं को गिनें', 4),
  (45, 12, 'दौड़ने के लिए', 1),
  (46, 12, 'खेलने के लिए', 2),
  (47, 12, 'खाने के लिए', 3),
  (48, 12, 'गिनने और मापने के लिए', 4),
  (49, 13, 'चाचा', 1),
  (50, 13, 'माँ', 2),
  (51, 13, 'दादी', 3),
  (52, 13, 'दादा', 4),
  (53, 14, 'भाई', 1),
  (54, 14, 'बहन', 2),
  (55, 14, 'दादी', 3),
  (56, 14, 'पिता', 4),
  (57, 15, 'कहीं नहीं', 1),
  (58, 15, 'केवल शहरों में', 2),
  (59, 15, 'केवल भारत में', 3),
  (60, 15, 'हर संस्कृति में', 4),
  (61, 16, 'पड़ोसी', 1),
  (62, 16, 'शिक्षक', 2),
  (63, 16, 'दोस्त', 3),
  (64, 16, 'चाची और चाचा', 4),
  (65, 17, 'चाचा', 1),
  (66, 17, 'दोस्त', 2),
  (67, 17, 'पिता', 3),
  (68, 17, 'दादा', 4),
  (69, 18, 'व्यक्तिगत जीवन के बारे में संवाद', 1),
  (70, 18, 'नौकरी पाने में', 2),
  (71, 18, 'पैसे कमाने में', 3),
  (72, 18, 'खेलने में', 4),
  (73, 19, 'पाँच', 1),
  (74, 19, 'चार', 2),
  (75, 19, 'दो', 3),
  (76, 19, 'तीन', 4),
  (77, 20, 'कर्म', 1),
  (78, 20, 'विशेषण', 2),
  (79, 20, 'कर्ता', 3),
  (80, 20, 'क्रिया', 4),
  (81, 21, 'क्रिया', 1),
  (82, 21, 'संज्ञा', 2),
  (83, 21, 'कर्म', 3),
  (84, 21, 'कर्ता', 4),
  (85, 22, 'खाता हूँ', 1),
  (86, 22, 'चावल', 2),
  (87, 22, 'हूँ', 3),
  (88, 22, 'मैं', 4),
  (89, 23, 'है', 1),
  (90, 23, 'किताब', 2),
  (91, 23, 'पढ़ती', 3),
  (92, 23, 'वह', 4),
  (93, 24, 'हैं', 1),
  (94, 24, 'फुटबॉल', 2),
  (95, 24, 'वे', 3),
  (96, 24, 'खेलते हैं', 4),
  (97, 25, 'कड़वा', 1),
  (98, 25, 'नमकीन', 2),
  (99, 25, 'अस्वास्थ्यकर', 3),
  (100, 25, 'मीठा और स्वास्थ्यवर्धक', 4),
  (101, 26, 'पानी', 1),
  (102, 26, 'सेब', 2),
  (103, 26, 'किताबें', 3),
  (104, 26, 'दोस्त', 4),
  (105, 27, 'शिक्षक', 1),
  (106, 27, 'किताबें', 2),
  (107, 27, 'सेब', 3),
  (108, 27, 'पानी', 4),
  (109, 28, 'शिक्षक', 1),
  (110, 28, 'दोस्त', 2),
  (111, 28, 'किताब', 3),
  (112, 28, 'सेब', 4),
  (113, 29, 'पानी', 1),
  (114, 29, 'दोस्त', 2),
  (115, 29, 'शिक्षक', 3),
  (116, 29, 'किताब', 4),
  (117, 30, 'बेहतर संवाद', 1),
  (118, 30, 'भूख मिटना', 2),
  (119, 30, 'नींद आना', 3),
  (120, 30, 'प्यास बुझना', 4);

